var,Indikator,Kurzbezeichnung,input_output,Quelle,Erklärung,kurz,fett
AI,Nutzung künstlicher Intelligenz in Unternehmen,Nutzung künstlicher Intelligenz,Input,Eurostat - Community survey on ICT usage and eCommerce in Enterprises (E_AI_TANY),"Anteil Unternehmen, der künstliche Intelligenz verwenden (in % der Unternehmen)",Nutzung künstlicher Intelligenz,
Abgabenquote,Steuer- und Abgabenquote (in % des BIP),Steuer- und Abgabenquote,Input,OECD Revenue Statistics,Steuer- und Abgabenquote (in % des BIP),Steuer- und Abgabenquote,
Arbeitslosenquote,Arbeitslosenquote,Arbeitslosenquote,Output,Eurostat (lfsa_urgan),Die Arbeitslosenquote ergänzt das BIP pro Kopf als Maß für die wirtschaftliche Entwicklung eines Landes. Die Arbeitslosenquote ist definiert als der prozentuale Anteil der Arbeitslosen an den Erwerbspersonen. Die Erwerbspersonen umfassen die Erwerbstätigen und die Arbeitslosen. Die Daten sind saisonbereinigt. (In %),Arbeitslosenquote,
Ausgaben_Primar_KKS,Ausgaben pro SchülerIn (Primarbereich),Ausgaben pro SchülerIn (Primarbereich),Input,Eurostat (educ_uoe_fine09),Bildungsausgaben in der Primarstufe (in Euro pro SchülerIn zu Vollzeitäquivalenten),Ausgaben pro SchülerIn (Primarbereich),
Ausgaben_Sekundar_BIP,Ausgaben relativ zum BIP (Sekundarbereich),Ausgaben relativ zum BIP - Sekundarstufe,Input,Eurostat (educ_uoe_fine06),Bildungsausgaben in der Sekundarstufe (in % des BIP),Ausgaben relativ zum BIP - Sekundarstufe,
Ausgaben_Sekundar_KKS,Ausgaben pro SchülerIn (Sekundarbereich),Ausgaben pro SchülerIn (Sekundarbereich),Input,Eurostat (educ_uoe_fine09),Bildungsausgaben in der Sekundarstufe (in Euro pro SchülerIn zu Vollzeitäquivalenten),Ausgaben pro SchülerIn (Sekundarbereich),
Ausgaben_VS_BIP,Ausgaben relativ zum BIP (Primarbereich),Ausgaben relativ zum BIP - Primarstufe,Input,Eurostat (educ_uoe_fine06),Bildungsausgaben in der Primarstufe (in % des BIP),Ausgaben relativ zum BIP - Primarstufe,
Ausgaben_prim_sek_BIP,Bildungsausgaben im vortertiären Bereich (in % des BIP),Bildungsausgaben in % des BIP,Input,OECD Education at a Glance,Bildungsausgaben im vortertiären Bereich (in % des BIP),Bildungsausgaben in % des BIP,
Ausgaben_prim_sek_studi,Bildungsausgaben im vortertiären Bereich (pro SchülerIn),Bildungsausgaben pro SchülerIn,Input,OECD Education at a Glance,Bildungsausgaben im vortertiären Bereich (in US-Dollar zu Kaufkraftparitäten pro SchülerIn),Bildungsausgaben pro SchülerIn,
BERD_bev,F&E-Ausgaben im Unternehmenssektor,F&E-Ausgaben (Unternehmenssektor),Input,OECD MSTI,"F&E-Ausgaben im Unternehmenssektor (in US-Dollar und Kaufkraftparitäten, pro 1.000 der Bevölkerung)",F&E-Ausgaben (Unternehmenssektor),
BIP_Kopf,BIP pro Kopf,BIP/Kopf,Output,Weltbank,"Das Bruttoinlandsprodukt (BIP) pro Kopf ist ein Maß für die wirtschaftliche Leistungskraft einer Volkswirtschaft. Es ist definiert als Wert aller neu geschaffenen Waren und Dienstleistungen, abzüglich des Wertes aller dabei als Vorleistungen verbrauchten Güter und Dienstleistungen. Die zugrunde liegenden Zahlen sind in KKS ausgedrückt, einer einheitlichen Währung, die Preisniveauunterschiede zwischen Ländern ausgleicht und damit aussagekräftige BIP-Volumenvergleiche erlaubt.",BIP/Kopf,
BV_slope,Einfluss des sozioökonomischen Hintergrunds auf die Lesekompetenz (Gradiente),Bildungsvererbung 1,Output,PISA,"Der durchschnittliche Unterschied bei den Schülerleistungen in Lesekompetenz, der mit einem Anstieg um eine Einheit auf dem PISA-Index des wirtschaftlichen, sozialen und kulturellen Status einhergeht, wird als Steigung der sozioökonomischen Gradiente bezeichnet. Je höher der durchschnittliche Unterschied, desto höher der Einfluss des sozioökonomischen Hintergrunds der SchülerInnen auf ihre Lesekompetenz. Der sozioökonomische Hintergrund wird durch den PISA-Index des wirtschaftlichen, sozialen und kulturellen Status gemessen und beruht auf Angaben der Schüler zu Bildungsstand und Beruf der Eltern und bestimmten Gegenständen im Elternhaus, zum Beispiel einem Schreibtisch zum Lernen und der Zahl der Bücher. In der Beurteilung wird auf statistische Schwankungsbreiten Rücksicht genommen.",Bildungsvererbung (Gradiente),
BV_strength,Einfluss des sozioökonomischen Hintergrunds auf die Lesekompetenz (Varianz),Bildungsvererbung 2,Output,PISA,"Die Stärke des Zusammenhangs zwischen Leseleistung und sozioökonomischem Hintergrund wird durch den Prozentsatz der Varianz der Schülerleistungen gemessen, die sich aus Unterschieden beim sozioökonomischen Hintergrund der Schülerinnen und Schüler erklären lässt. Je höher der Anteil der erklärten Varianz, desto höher der Einfluss des sozioökonomischen Hintergrunds.",Bildungsvererbung (Varianz),
B_A1,Zusammengesetzter Indikator,"Regulierung, Finanz- und Steuersystem",Input,,"Durchschnitt aller Einzelindikatoren im Bereich Regulierung, Finanz- und Steuersystem","Regulierung, Finanz- und Steuersystem",
B_A2,Zusammengesetzter Indikator,Bildung,,,Durchschnitt aller Einzelindikatoren im Bereich Bildung,Bildung,
B_A3,Zusammengesetzter Indikator,Internationale Verflechtung,Input,,Durchschnitt aller Einzelindikatoren im Bereich Internationale Verflechtung,Internationale Verflechtung,
B_B1,Zusammengesetzter Indikator,Tertiäre Bildung,,,Durchschnitt aller Einzelindikatoren im Bereich Tertiäre Bildung,Tertiäre Bildung,
B_B2,Zusammengesetzter Indikator,Akademische Forschung,,,Durchschnitt aller Einzelindikatoren im Bereich Forschung an Hochschulen und außeruniversitäten Einrichtungen,Akademische Forschung,
B_B3,Zusammengesetzter Indikator,Unternehmens-FTI,,,Durchschnitt aller Einzelindikatoren im Bereich Unternehmens-FTI,Unternehmens-FTI,
B_B4,Zusammengesetzter Indikator,Gründungen,,,Durchschnitt aller Einzelindikatoren im Bereich Gründungen,Gründungen,
B_B5,Zusammengesetzter Indikator,Finanzierung,,,Durchschnitt aller Einzelindikatoren im Bereich Finanzierung,Finanzierung,
B_C1,Zusammengesetzter Indikator,Digitalisierung,,,Durchschnitt aller Einzelindikatoren im Bereich Digitalisierung,Digitalisierung,
B_C2,Zusammengesetzter Indikator,Umwelt & Klima,,,Durchschnitt aller Einzelindikatoren im Bereich Umwelt & Klima,Umwelt & Klima,
B_C3,Zusammengesetzter Indikator,Kreislaufwirtschaft,,,Durchschnitt aller Einzelindikatoren im Bereich Kreislaufwirtschaft,Kreislaufwirtschaft,
B_C4,Zusammengesetzter Indikator,Standortattraktivität,,,Durchschnitt aller Einzelindikatoren im Bereich Standortattraktivität,Standortattraktivität,
B_C5,Zusammengesetzter Indikator,Geschlechtergerechtigkeit,,,Durchschnitt aller Einzelindikatoren im Bereich Geschlechtergerechtigkeit,Geschlechtergerechtigkeit,
B_C6,Zusammengesetzter Indikator,Souveränität,,,Durchschnitt aller Einzelindikatoren im Bereich Souveränität,Souveränität,
B_D1,Zusammengesetzter Indikator,Effektivität von FTI-Aktivitäten,,,Durchschnitt aller Einzelindikatoren im Bereich Effektivität von FTI-Aktivitäten,Effektivität von FTI-Aktivitäten,
B_D2,Zusammengesetzter Indikator,Effizienz,,,Durchschnitt aller Einzelindikatoren im Bereich Effizienz,Effizienz,
B_XFA,Finanzierung von BERD aus dem Ausland,Auslandsfinanzierung von Unternehmens-F&E,Input,OECD MSTI,Anteil BERD finanziert durch das Ausland (In %),Auslandsfinanzierung von Unternehmens-F&E,
Betr_Verhältnis_Primar,Schüler-Lehrkräfte-Relation (Primarbereich),Betreuungsverhältnis Volksschule,Input,Eurostat (educ_uoe_perp04),"Die Schüler-Lehrkräfte-Relation ergibt sich, wenn man (gemessen in Vollzeitäquivalenten) die Zahl der Schüler eines bestimmten Bildungsbereichs durch die Zahl der Lehrkräfte des gleichen Bildungsbereichs und ähnlicher Bildungseinrichtungen dividiert. (Anzahl Kinder/Lehrklärte in ISCED ED1)",Betreuungsverhältnis Volksschule,
Betr_Verhältnis_früh,Betreuungsverhältnis frühkindlich,Betreuungsverhältnis frühkindlich,Input,OECD Education at a Glance,"Die Schüler-Lehrkräfte-Relation bzw. Relation zwischen Kindern  und Betreuungspersonen ergibt sich, wenn man (gemessen in Vollzeitäquivalenten) die Zahl der Schüler eines bestimmten Bildungsbereichs durch die Zahl der Lehrkräfte (nicht Hilfskräfte) des gleichen Bildungsbereichs und ähnlicher Bildungseinrichtungen dividiert. (Anzahl Kinder/Betreuungspersonen in ISCED 02)",Betreuungsverhältnis frühkindlich,
Betreuung_frühkindlich_pct,Betreuung frühkindlich (Schüler zwischen 4 Jahren und dem Schulpflichtalter),Betreuung frühkindlich,Input,Eurostat (educ_uoe_enra10),"Der Anteil der Bevölkerung im Alter von 4 Jahren bis zum Beginn des schulpflichtigen Alters, der an frühkindlicher Erziehung teilnimmt. (In %)",Betreuung frühkindlich,
Betreuungsverh_Univ,Betreuungsverhältnis Universitäten,Betreuungsverhältnis Universitäten,Input,Eurostat (educ_uoe_perp04),Der Indikator zeigt die Betreuungsverhältnisse an Hochschulen.
Er wird – wo möglich – auf der Basis von Vollzeitäquivalenten berechnet. (Anzahl Studierende/Professoren in ISCED 6-8),Betreuungsverhältnis Universitäten,
Better_Life,Better Life,Lebensqualität,Output,OECD Better Life Index,"Der Indikator misst Wohlstand und Lebensqualität in einer breiten Definition. Er setzt sich aus mehreren Bereichen zusammen, wobei Einkommen, Bildung und Gesundheit aufgrund der Überlappungen mit anderen Bereichen nicht abgebildet werden. Die restlichen Bereiche sind Ausgewogenheit Arbeitswelt – Privatsphäre, Integration in Soziale Netzwerke, Teilhaben am sozialen/politischen Geschehen, Persönliche Sicherheit, Umweltqualität, Wohnqualität und Lebenszufriedenheit.",Lebensqualität,
Big_Data,"Unternehmen, die Big Data einsetzen",Big Data Analysen,Input,Eurostat - Community survey on ICT usage and eCommerce in Enterprises (E_BD),"Unternehmen, die Big Data einsetzen (In % der Unternehmen)",Big Data Analysen,
Breitband_pct,Breitbanddurchdringung,Breitband,Input,"Eurostat (isoc_ci_it_en2), OECD ICT Access and Usage by Businesses","Anteil der Unternehmen, deren vertraglich vereinbarte Download-Geschwindigkeit der schnellsten Internetverbindung größer als 100 Mb/s ist (EIS Indikator 1.3.1). (In % aller Unternehmen)",Breitband,
Circular_Rate,Nutzungsrate wiederverwendbarer Stoffe,Nutzungsrate wiederverwendbarer Stoffe,Output,Eurostat (env_ac_cur),Anteil des recycelten und wieder in die Wirtschaft eingespeisten Materials im gesamten Materialeinsatz,Nutzungsrate wiederverwendbarer Stoffe,
Cloud_Dienste,Nutzung von Cloud-Diensten,Cloud-Computing,Input,Eurostat - Community survey on ICT usage and eCommerce in Enterprises (E_CC_GE_ME),"Cloud Computing Dienste (Datenspeicherung, Finanzsoftware, etc.) (In % der Unternehmen)",Cloud-Computing,
EP_coll_dismiss,Strenge der Arbeitsmarktregulierung – Mehrfachkündigung,Regulierung Arbeitsmarkt - mehrfach,Input,OECD Employment Protection Database,Dieser Indikator ist ein Summary Indikator und besteht aus 4 Indikatoren betreffend Massenentlassungen.,Regulierung Arbeitsmarkt - mehrfach,
EP_indiv_dismiss,Strenge der Arbeitsmarktregulierung - individuelle Kündigungen regulärer Dienstverträge,Regulierung Arbeitsmarkt - individuell,Input,OECD Employment Protection Database,"Dieser Indikator ist ein Summary Indikator bestehend aus 8 Indikatoren betreffend individuelle Kündigungen (je höher der Wert, desto strenger die Regulierung)",Regulierung Arbeitsmarkt - individuell,
EP_temp_emp,Strenge der Arbeitsmarktregulierung – befristete Verträge,Regulierung Arbeitsmarkt - befristet,Input,OECD Employment Protection Database,Dieser Indikator ist ein Summary Indikator und besteht aus 4 Indikatoren betreffend Massenentlassungen.,Regulierung Arbeitsmarkt - befristet,
ERC_grants,ERC-Grants,ERC-Grants,Output,European Research Council,"Der Indikator spiegelt den Erfolg beim Einwerben von ERC-Mitteln wider, die mit einer strikten Qualitätsbeurteilung einhergehen und nur für internationale Spitzenforschung vergeben werden. Der Indikator wird aufgrund der jährlich vom ERC veröffentlichten Daten berechnet. (Pro Einwohner & Glättung) Anm.: Die Daten zu den ERC grants werden direkt vom ERC bezogen. Sie weichen von den Daten der FFG ab, da sie unterschiedliche Erhebungszeitpunkte widerspiegeln. ",ERC-Grants,
Energieintensität,Energieintensität,Energieintensität,Output,"Eurostat (nrg_bal_s), WIFO-Berechnungen","Dieser Indikator zeigt die Entwicklung der Energieeffizienz, d. h. den Energieverbrauch, der mit der jährlichen Produktionsleistung der österreichischen Wirtschaft einhergeht.",Energieintensität,
Energy_pc_GBOARD,F&E-Ausgaben im Energiebereich (in % des GBAORD),F&E-Ausgaben im Energiebereich (in % des GBAORD),Input,Eurostat (gba_nabsfin07),"Ausgaben für Forschung und Entwicklung in % des Bundesbudgets (GBAORD), die inhaltlich dem Umweltbereich zuzuordnen sind (Glättung)",F&E-Ausgaben (GBAORD - Energiebereich),
Energy_pc_GDP,F&E-Ausgaben im Energiebereich (in % des BIP),F&E-Ausgaben im Energiebereich (in % des BIP),Input,Eurostat (gba_nabsfin07),"Ausgaben für Forschung und Entwicklung in % des BIP, die inhaltlich dem Umweltbereich zuzuordnen sind (Glättung)",Energie-F&E in % des BIP,
Envir_pc_GBOARD,F&E-Ausgaben im Umweltbereich (in % des GBAORD),F&E-Ausgaben im Umweltbereich (in % des GBAORD),Input,Eurostat (gba_nabsfin07),"Ausgaben für Forschung und Entwicklung in % des Bundesbudgets (GBAORD), die inhaltlich dem Umweltbereich zuzuordnen sind (Glättung)",F&E-Ausgaben (GBAORD - Umweltbereich),
Envir_pc_GDP,F&E-Ausgaben im Umweltbereich (in % des BIP),F&E-Ausgaben im Umweltbereich (in % des BIP),Input,Eurostat (gba_nabsfin07),"Ausgaben für Forschung und Entwicklung in % des BIP, die inhaltlich dem Umweltbereich zuzuordnen sind (Glättung)",Umwelt-F&E in % des BIP,
Erwerbstätigenquote,Erwerbstätigenquote,Erwerbstätigenquote,Output,Eurostat (lfsi_emp_a),"Die Erwerbstätigenquote ergänzt das BIP pro Kopf als Maß für die wirtschaftliche Entwicklung eines Landes. Zur erwerbstätigen Bevölkerung zählen alle Personen, die in der Berichtswoche mindestens eine Stunde lang gegen Entgelt oder zur Erzielung eines Gewinns arbeiteten oder nicht arbeiteten, aber einen Arbeitsplatz hatten, von dem sie vorübergehend abwesend waren. (In %)",Erwerbstätigenquote,
Exporte_Umwelt,Exporte von Umweltgütern,Exporte Umweltgüter,Output,Eurostat (env_ac_egss2),Exporte von Umweltgütern in % des BIP (nach EU-Definition),Exporte Umweltgüter,
Finanz_komp,Projektbasierte Finanzierung von Grundlagenforschung durch FWF-ähnliche Fonds,Projektfinanzierte Grundlagenforschung,Input,"Jahresberichte der Fonds, WIFO-Berechnungen","Jährliche Ausschüttungen von Fonds zur Finanzierung der Grundlagenforschung, pro Kopf der Bevölkerung",Projektfinanzierte Grundlagenforschung,
Frauen_Nawi,Absolventinnen in naturwissenschaftlichen Studien,Absolventinnen in Naturwissenschaften,Output,Eurostat (educ_uoe_grad02),"Dieser Indikator misst den Prozentsatz der Frauen an MINT-Absolventen (ISCED 6-8, im Feld F05 - Naturwissenschaften, Mathematik und Statistik), die häufig in technologische Innovationsprozesse eingebunden werden. (In %)",Absolventinnen in Naturwissenschaften,
Frauen_Technik,Absolventinnen in technisch-ingenieurwissenschaftlichen Studien,Absolventinnen in Technik,Output,Eurostat (educ_uoe_grad02),"Anteil von Absolventinnen (ISCED 6-8) in den Fächern Ingenieurwesen, verarbeitendes Gewerbe und Baugewerbe. (In %)",Absolventinnen in Technik,
FuE_Intens,Industriestrukturbereinigte F&E-Intensität,Industriestrukturbereinigte F&E-Intensität,Input,"Eurostat, OECD","Die F&E-Intensität kann als Maß für die Wissensintensität interpretiert werden. Allerdings unterscheiden sich durchschnittliche F&E-Intensitäten je nach Sektor stark, deshalb ist eine Bereinigung um die Industriestruktur notwendig, um eine international vergleichbare Aussage über die F&E-Intensität des Unternehmenssektors treffen zu können.",Industriestrukturbereinigte F&E-Intensität,
GERD_bev,"F&E-Ausgaben in allen Sektoren (in US-Dollar und Kaufkraftparitäten, pro 1.000 der Bevölkerung)",F&E Ausgaben (GERD),Input,"OECD MSTI, Eurostat (rd_e_gerdtot), WIFO-Berechnungen.",,F&E Ausgaben (GERD),
G_BRXGDP,Grundlagenforschungsquote,Grundlagenforschungsquote,Input,OECD MSTI,Grundlagenforschungsausgaben wie definiert nach OECD-Frascati-Manual. (In % des BIP),Grundlagenforschungsquote,
G_XFA,Auslandsfinanzierung F&E,Auslandsfinanzierung von F&E,Input,OECD MSTI,"Österreichs Forschungsausgaben werden im internationalen Vergleich überdurchschnittlich aus dem Ausland finanziert. Dies ist ein Indikator für die Standortqualität, gleichzeitig erhöht es die Fragilität der Forschungstätigkeit in Österreich. Deshalb ist es nicht notwendig, dass der Anteil der Auslandsfinanzierung weiter steigt, er sollte aber auch nicht drastisch sinken. (In %)",Auslandsfinanzierung von F&E,
G_XGDP,F&E-Quote ,F&E-Quote,Input,OECD MSTI,F&E Ausgaben (GERD) in % des BIP,F&E-Quote,
Gesunde_Lebensjahre_Frauen,Gesunde Lebenserwartung (F),Gesunde Lebenserwartung (F),Output,Eurostat (hlth_hlye),Dieser Indikator spiegelt Herausforderungen im Zusammenhang mit der Bevölkerungsalterung wider. Die Lebenserwartung in Gesundheit kann sowohl von medizinisch-technologischen Fortschritten als auch von sozialen Innovationen wie z. B. neuen betrieblichen Präventionsmodellen beeinflusst werden. (In % der Lebensjahre),Gesunde Lebenserwartung (F),
Gesunde_Lebensjahre_Männer,Gesunde Lebenserwartung (M),Gesunde Lebenserwartung (M),Output,Eurostat (hlth_hlye),,Gesunde Lebenserwartung (M),
Glasdeckenindex,Glasdeckenindex (Professorinnenanteil in Relation zum Frauenanteil des wissenschaftlichen und künstlerischen Personals),Glasdeckenindex EU,Input,She Figures,"Der Indikator zeigt, wie wahrscheinlich es ist, dass eine Frau den Sprung vom wissenschaftlichen Personal einer Hochschule zu einer Spitzenposition schafft.",Glasdeckenindex EU,
Glasfaser,Anteil von Glasfaserverbindungen an den gesamten Breitbandabonnements,Glasfaser,Input,OECD Telecommunication Statistics,Anteil von Glasfaserverbindungen an den gesamten Breitbandabonnements. (In %),Glasfaser,
Gvt_financed_BERD_GDP,Direkte Unternehmensförderung,Direkte Unternehmensförderung,Input,OECD R&D Tax Incentive Indicators,"Direkte Unternehmensförderung in % des BIP, z.B. F&E-relevante Ausschüttungen der FFG oder der AWS.",Direkte Unternehmensförderung,
HEI_gvt_researchers_bev,ForscherInnen in VZÄ im Hochschul- und im Sektor Staat,Zahl der ForscherInnen (HEI&GOV),Input,OECD MSTI,"Zahl der ForscherInnen zu Vollzeitäquivalenten in den beiden Sektoren Hochschulen und Staat, (pro 1.000 der Bevölkerung).",Zahl der ForscherInnen (HEI&GOV),
HERD_GOVERD_BIP,F&E-Ausgaben im Sektor Staat und Hochschulen,F&E-Ausgaben (Sektor Staat und Hochschule) in % des BIP,Input,OECD MSTI,Ausgaben für Forschung und Entwicklung in den Sektoren Staat und Hochschulen. (in % des BIP),F&E-Ausgaben in % des BIP (Staat & HS),
HERD_GOVERD_bev,F&E-Ausgaben im Sektor Staat und Hochschulen,F&E-Ausgaben (Sektor Staat und Hochschule) pro 1.000 der Bevölkerung,Input,OECD MSTI,"Ausgaben für Forschung und Entwicklung in den Sektoren Staat und Hochschulen, in US Dollar zu Kaufkraftparitäten (pro 1.000 Einwohner)",F&E-Ausgaben pro 1.000 EW (Staat & HS),
HERD_industry,Finanzierung von Hochschulen durch Unternehmen,Finanzierung von Hochschulen durch Unternehmen,Input,OECD MSTI,"Im Hochschulsektor durchgeführte F&E, die vom Unternehmenssektor finanziert wurde. (In %)",Hochschulfinanzierung durch Unternehmen,
ICT_specialists,Angestellte IKT Fachkräfte,IKT-SpezialistInnen,Input,Eurostat (isoc_sks_itspt),"Angestellte ICT-Spezialisten. Breite Definition auf der Grundlage der ISCO-08-Klassifikation und unter Einbeziehung von Berufen wie IKT-Service-Manager, IKT-Fachleute, IKT-Techniker, IKT-Installateure und -Dienstleister. (In %)",IKT-SpezialistInnen,
ICT_specialists_fem,Weibliche IKT Fachkräfte,Weibliche IKT Fachkräfte,Input,Eurostat (isoc_sks_itsps),"Frauenanteil unter den ICT-Spezialisten. Breite Definition auf der Grundlage der ISCO-08-Klassifikation und unter Einbeziehung von Berufen wie IKT-Service-Manager, IKT-Fachleute, IKT-Techniker, IKT-Installateure und -Dienstleister. (In %)",Weibliche IKT Fachkräfte,
IKT_Abs_Bev,IKT Absolventen und -Absolventinnen,IKT-AbsolventInnen,Input,Eurostat (educ_uoe_grad02),Absolventen (ISCED 6-8) von Studiengängen der Informations-und Kommunikationstechnologie (pro 1.000 Einwohner im Alter von 20-29 Jahren),IKT-AbsolventInnen,
IKT_Abs_Bev_fem,IKT Absolventinnen pro 1000 der Bevölkerung von 20-29 Jahren,IKT Absolventinnen,Output,Eurostat (educ_uoe_grad02),Frauenanteil unter Absolventen (ISCED 6-8) von Studiengängen der Information-und Kommunikationstechnologie (pro 1.000 Einwohner im Alter von 20-29 Jahren),IKT Absolventinnen,
IKT_Patente_breit,IKT-Patente extensive ICT technologies extensive definition,IKT Patente breit definiert,Output,"PATSTAT, Herbst 2022; Inaba, Squicciarini 2017 (OECD), WIFO-Berechnungen",Der Indikator zeigt die relative Erfindungsspezialisierung anhand eines RTA Indikators (ähnlich zum RCA im Außenhandel - Relative Technological Advantage vs. Relative Comparative Advantage),IKT Patente breit definiert,
IKT_Patente_eng,IKT-Patente strict ICT Technologies strict definition,IKT Patente eng definiert,Output,"PATSTAT, Herbst 2022; Inaba, Squicciarini 2017 (OECD), WIFO-Berechnungen",Der Indikator zeigt die relative Erfindungsspezialisierung anhand eines RTA Indikators (ähnlich zum RCA im Außenhandel - Relative Technological Advantage vs. Relative Comparative Advantage),IKT Patente eng definiert,
IKT_inv,Anteil der Investitionen in IKT an den Bruttoanlageinvestitionen,IKT Investitionen,Input,EUKLEMS,Anteil der Investitionen in IKT an den Bruttoanlageinvestitionen (In %),IKT Investitionen,
IOT,Nutzung Internet of Things in Unternehmen,Internet of Things,Input,Eurostat - Community survey on ICT usage and eCommerce in Enterprises (E_IOT &E_IOT1),"Anteil der Unternehmen, der vernetzte Geräte oder Systeme verwenden, deren Überwachung oder Steuerung über Internet erfolgen kann (in % der Unternehmen).",Internet of Things,
IPP_Reg,Strenge der Regulierung geistiger Eigentumsrechte,IPR-Regulierung,Input,World Economic Forum,"WEF-Indikator 1.15 Schutz des geistigen Eigentums
Antwort auf die Umfragefrage ""Wie weit ist in Ihrem Land das geistige Eigentum geschützt? [1 = überhaupt nicht; 7 = weitgehend]",IPR-Regulierung,
ISO_environment,Anteil Firmen mit ISO-Environment Zertifizierung,Firmen mit ISO-Environment Zertifizierung,Input,"ISO, OECD","Anteil der Firmen, die eine ISO 14001:2015 Environmental Management Systems  Zertifizierung haben. (In %)",Firmen mit ISO-Environment Zertifizierung,
Indirect_Gvt_support_GDP,Indirekte Unternehmensförderung,Indirekte Unternehmensförderung,Input,OECD R&D Tax Incentive Indicators,"Steuerliche Forschungsförderung in % des BIP, in Österreich Ausschüttungen der Forschungsprämie.",Indirekte Unternehmensförderung,
Innov_UNT,Innovierende Unternehmen,Innovierende Unternehmen,Input,Eurostat CIS,"Unternehmen, die entweder eine Innovation eingeführt haben oder irgendeine Art von Innovationstätigkeit ausüben, als Anteil an allen Unternehmen. (In %)",Innovierende Unternehmen,
Innovationsumsatz,Innovationsumsatz,Innovationsumsatz,Output,Eurostat CIS,"Der Indikator spiegelt die wirtschaftliche Bedeutung von Innovationen wider, die nicht nur neu für das Unternehmen, sondern auch neu für den Markt sind und deren Neuheitsgrad daher besonders ausgeprägt ist. Er ist demnach ein
Wirkungsindikator für Innovation. (In %)",Innovationsumsatz,
Interm_export,Halbfertige Produkte in Exporten,GVC Integration (Exporte),Output,Weltbank,Ein Maß für die Integration in globale Wertschöpfungsketten - Anteil von Zwischenprodukten am Gesamtexport. (In %),GVC Integration (Exporte),
Interm_import,Halbfertige Produkte in Importen,GVC Integration (Importe),Output,Weltbank,Ein Maß für die Integration in globale Wertschöpfungsketten - Anteil von Zwischenprodukten am Gesamtimport. (In %),GVC Integration (Importe),
Jugendarbeitslosigkeit,Jugendarbeitslosigkeit,Jugendarbeitslosigkeit,Output,Eurostat (une_rt_a),Anteil der Arbeitslosen an der erwerbstätigen Bevölkerung zwischen 15 und 24 Jahren,Jugendarbeitslosigkeit,
KMU_Inno_koop,KMU mit Innovationskooperationen,KMU und Kooperation,Input,Eurostat CIS,"Dieser Indikator misst den Grad, in dem KMUs sind an der Innovationskooperation beteiligt. Komplexe Innovationen hängen oft von der Fähigkeit ab auf verschiedene Informationsquellen zurückgreifen und Wissen, oder an der Entwicklung mitzuarbeiten einer Innovation. Dieser Indikator misst den Fluss des Wissens zwischen öffentlichen Forschungseinrichtungen und Unternehmen sowie zwischen Unternehmen und anderen Unternehmen.
Der Indikator ist auf KMU beschränkt, denn fast Alle großen Unternehmen sind an der Innovationskooperation beteiligt. (EIS Indikator 3.2.1.) (In %)",KMU und Kooperation,
KMU_Onlinehandel_Umsatz,Umsatz von KMUs im Onlinehandel,KMU Onlinehandel Umsatz,Output,Eurostat - Community survey on ICT usage and eCommerce in Enterprises (E_ETURN),Gesamtumsatz von Unternehmen mit 10-249 Beschäftigten aus dem E-Commerce (in % des Gesamtumsatzes),KMU Onlinehandel Umsatz,
KMU_int_Onlinehandel,KMUs mit Onlinehandel (mind. 1% des Umsatzes),KMU internationaler Onlinehandel,Input,Eurostat - Community survey on ICT usage and eCommerce in Enterprises (E_AESEU),"Anteil der Unternehmen mit 10-249 Beschäftigten, bei denen die E-Commerce-Verkäufen mindestens 1% des Umsatzes ausmachen. (In %)",KMU internationaler Onlinehandel,
Kapitalmarktgroesse,Größe des Kapitalmarkts,Größe des Kapitalmarkts,Input,"Weltbank, World Development Indicators","Kapitalmarktgröße (Börsenkapitalisierung, Kredite und Anleihen in % des BIP)",Größe des Kapitalmarkts,
Kooperation_UNT_Uni,Unternehmen mit Innovationskooperationen Hochschulen/Forschungseinrichtungen,Unternehmen mit Innovationskooperationen,Input,Eurostat CIS,"Anteil der Unternehmen, die mit Hochschulen oder außeruniversitären Forschungseinrichtungen in Innovationsprojekten kooperieren. (In %)",Unternehmen mit Innovationskooperationen,
Kopublikationen, Internationale Ko-publikationen ,Internationale Kopublikationen,Output,European Innovation Scoreboard,"Internationale wissenschaftliche Kopublikationen können als ein Hinweis für die Qualität wissenschaftlicher Forschung interpretiert werden, da die internationale Zusammenarbeit in der Regel die wissenschaftliche Produktivität erhöht. (EIS Indikator 1.2.1)",Internationale Kopublikationen,
Leiden_industry_collab,Leidenranking - Kooperation mit Unternehmen,Leidenranking - Kooperation mit Unternehmen,Input,CWTS Leiden Ranking,"Der Indikator aggregiert die einzelnen Rankingpositionen der Universitäten bezüglich des Anteils an allen Publikationen von gemeinsamen Publikationen mit Unternehmen zu einem Gesamtscore - die Zahl der Universitäten wird innerhalb einer Ranggrupe (1-100,101-200,...) mit der Zahl der gemeinsamen Publikationen gewichtet, dann wird die Ranggruppe nochmals gewichtet und die Summe über alle Ranggruppen gebildet",Leidenranking - Kooperation mit Unternehmen,
Leidenranking_bev,"Aggregation des Universitätsrankings Leiden, relativ zur Bevölkerung",Hochschulranking Forschungsleistung,Output,"CWTS Leiden Ranking, WIFO-Berechnungen","Der Indikator zeigt, wie sich österreichische Hochschulen bei Forschungsleistung international positionieren. Er zeigt die Zahl der Hochschulen Österreichs in groben Ranggruppen (1–50, 51–100, 101–200, 201–300) internationaler Hochschulvergleiche
(dzt. nur Leiden Ranking) relativ zur Landesgröße (Zahl der
Hochschulen pro 10 Millionen Einwohner), wobei die Zahl der Hochschulen mit den Ranggruppen gewichtet wird (je besser die Ranggruppe, desto höher das
Gewicht). Damit zeigt dieser Indikator auch, ob ein Land nur ein einzelnes Spitzeninstitut besitzt oder eine größere Bandbreite. ",Hochschulranking Forschungsleistung,
Lesen_unter2,Kompetenz Lesen 15-jährige (PISA) - Anteil SchülerInnen mit niedriger Kompetenz,PISA Lesen - Niedrig,Output,PISA,"Der Indikator gibt Auskunft über die Größe des Anteils an SchülerInnen in der untersuchten Gesamtpopulation, die aufgrund ihres Testergebnisses höchstens auf der ersten Kompetenzstufe der entsprechenden PISA-Skala eingestuft werden. Es ist davon auszugehen, dass niedrige Kompetenzen in diesen grundlegenden
3 Bereichen erhebliche Beeinträchtigungen im privaten und gesellschaftlichen Leben zur Folge haben. (In %)",PISA Lesen - Niedrig,
Lesen_über5,Kompetenz Lesen 15-jährige (PISA) - Anteil SchülerInnen mit hoher Kompetenz,PISA Lesen - Spitze,Output,PISA,"Dieser Indikator zeigt die Streuung der Schulleistungen nach oben,
d. h. den Anteil der SchülerInnen mit sehr guten Resultaten. (In %)",PISA Lesen - Spitze,
MINT_Abs_fem,MINT-Absolventinnen,MINT-Absolventinnen,Output,Eurostat (educ_uoe_grad04),Tertiärabschlüsse von Absolventinnen in naturwissenschaftlichen und technologischen Fachrichtungen (ISCED 5-8) pro 1.000 Einwohner im Alter von 20 bis 29 Jahren.,MINT-Absolventinnen,
MINT_Absolv,MINT-AbsolventInnen (m/f),MINT-AbsolventInnen,Output,Eurostat (educ_uoe_grad04),Tertiärabschlüsse in naturwissenschaftlichen und technologischen
Fachrichtungen (ISCED 5-8) pro 1.000 Einwohner im Alter von 20 bis 29 Jahren.,MINT-AbsolventInnen,
MINT_doktorat,Doktoratsabsolventen MINT,Doktoratsabsolventen MINT,Output,Eurostat (educ_uoe_grad07),Tertiärabschlüsse ISCED 8 in naturwissenschaftlichen und technologischen Fachrichtungen pro 1.000 Einwohner im Alter von 25 bis 34.,Doktoratsabsolventen MINT,
MW_Lesen,Kompetenz Lesen 15-jährige (PISA) - Durchschnitt,PISA Lesen - Durchschnitt,Output,PISA,Durchschnitt der Testergebnisse der SchülerInnen beim internationalen PISA-Test im Bereich Lesen.,PISA Lesen - Durchschnitt,
MW_Mathe,Kompetenz Mathematik 15-jährige (PISA) - Durchschnitt,PISA Mathematik - Durchschnitt,Output,PISA,Durchschnitt der Testergebnisse der SchülerInnen beim internationalen PISA-Test im Bereich Mathematik.,PISA Mathematik - Durchschnitt,
MW_Science,Kompetenz Naturwissenschaften 15-jährige (PISA) - Durchschnitt,PISA Science - Durchschnitt,Output,PISA,Durchschnitt der Testergebnisse der SchülerInnen beim internationalen PISA-Test im Bereich Naturwissenschaften.,PISA Science - Durchschnitt,
Mathe_unter2,Kompetenz Mathematik 15-jährige (PISA) - Anteil SchülerInnen mit niedriger Kompetenz,PISA Mathematik - Niedrig,Output,PISA,"Anteil der SchülerInnen, die beim internationalen PISA-Test im Bereich Mathematik niedrige Kompetenzniveaus erreichen. (In %)",PISA Mathematik - Niedrig,
Mathe_über5,Kompetenz Mathematik 15-jährige (PISA) - Anteil SchülerInnen mit hoher Kompetenz,PISA Mathematik - Spitze,Output,PISA,"Anteil der SchülerInnen, die beim internationalen PISA-Test im Bereich Mathematik hohe Kompetenzniveaus erreichen. (In %)",PISA Mathematik - Spitze,
Offenheit,Offenheit der österreichischen Wirtschaft,Wirtschaftliche Offenheit,Output,AMECO,Summe von Exporten und Importen relativ zum BIP,Wirtschaftliche Offenheit,
PE_x_bank_gvt,Struktur der Mittelaufbringung für Venture-Capital-Fonds,VC-Fonds Finanzierungsstruktur,Input,Invest Europe,"Private Equity Funds nach Investorentyp - Anteil der PE Mittel, die nicht von Banken/Regierungsagenturen investiert wird. (In % & Glättung)",VC-Fonds Finanzierungsstruktur,
PIRLS_advanced,Lesekompetenz Volksschule (PIRLS) - Anteil SchülerInnen mit sehr hoher/hoher Kompetenz,Lesen Volksschule - Spitze,Output,PIRLS,"Anteil der SchülerInnen, die beim internationalen PIRLS-Test sehr hohe oder hohe Kompetenzniveaus erreichen. (In %)",Lesen Volksschule - Spitze,
PIRLS_av_reading,Lesekompetenz Volksschule (PIRLS) - Durchschnitt,Lesen Volksschule - Durchschnitt,Output,PIRLS,Durchschnitt der Testergebnisse der SchülerInnen beim internationalen PIRLS-Test.,Lesen Volksschule - Durchschnitt,
PIRLS_interm,Lesekompetenz Volksschule (PIRLS) - Anteil SchülerInnen mit  mittlerer Kompetenz,Lesen Volksschule - Mittel,Output,PIRLS,"Anteil der SchülerInnen, die beim internationalen PIRLS-Test mittlere Kompetenzniveaus erreichen. (In %)",Lesen Volksschule - Mittel,
PIRLS_low,Lesekompetenz Volksschule (PIRLS) - Anteil SchülerInnen mit  niedriger Kompetenz,Lesen Volksschule - Niedrig,Output,PIRLS,"Anteil der SchülerInnen, die beim internationalen PIRLS-Test niedrige Kompetenzniveaus erreichen. (In %)",Lesen Volksschule - Niedrig,
PMR2018,Strenge der Produktmarktregulierung,Produktmarktregulierung,Input,OECD Indicator for Product Market Regulation,"Der Indikator beschreibt die Strenge der Produktmarktregulierung - je höher der Wert, desto strenger die Produktmarktregulierung",Produktmarktregulierung,
Patente_Kooperation,Internationale Kooperation in Erfindungen,Patentanmeldungen mit in- und ausländischen ErfinderInnen,Input,"PATSTAT, Herbst 2022, WIFO-Berechnungen.",Anteil der Patente mit mind. einem inländischen und mindestens einem ausländischen Erfinder an allen Patenten mit mind. einem inländischen Erfinder. (In %),Internationale Patentkooperationen,
Patente_auslandsbesitz,Anteil ausländischer Eigentümer an Patenten mit im Inland ansässigen Erfindern,Patente in Auslandsbesitz,Output,"PATSTAT, Herbst 2022, WIFO-Berechnungen.","Dieser Indikator bildet die Kontrolle ausländischer Akteure an Erfindungen ab, die von im Inland lebenden Erfindern getätigt wurden. Er zeigt somit den Anteil der Patente mit mindestens einem inländischen Erfinder und ausschließlich im Ausland ansässigen Anmelder an allen Patenten inländischer Erfinder an. (In %)",Patente in Auslandsbesitz,
RCA_exports_value_at13_spz,Exportspezialisierung - Produktionstechnologien,Exportspezialisierung - Produktionstechnologien,Output,"BACI/Comtrade, WIFO-Berechnungen",RCA (Revealed Comparative Advantage) der Exporte von Produktionstechnologien (Spezialisierungsindikator),Exportspezialisierung - Produktionstechnologien,
RCA_exports_value_at14_spz,Exportspezialisierung - Materialtechnologien,Exportspezialisierung - Materialtechnologien,Output,"BACI/Comtrade, WIFO-Berechnungen",RCA (Revealed Comparative Advantage) der Exporte von Materialtechnologien (Spezialisierungsindikator),Exportspezialisierung - Materialtechnologien,
RCA_exports_value_at15_spz,Exportspezialisierung - Industrielle Biotechnologie,Exportspezialisierung - Industrielle Biotechnologie,Output,"BACI/Comtrade, WIFO-Berechnungen",RCA (Revealed Comparative Advantage) der Exporte von Industrieller Biotechnologie (Spezialisierungsindikator),Exportspezialisierung - Industrielle Biotechnologie,
RCA_exports_value_at16_spz,Exportspezialisierung - Digitale Technologie,Exportspezialisierung - Digitale Technologie,Output,"BACI/Comtrade, WIFO-Berechnungen",RCA (Revealed Comparative Advantage) der Exporte von Digitalen Technologien (Spezialisierungsindikator),Exportspezialisierung - Digitale Technologie,
Ressourcenproduktivität,Ressourcenproduktivität und inländischer Materialverbrauch (DMC),Ressourcenproduktivität,Output,Eurostat (sdg_12_20),"Dieser Indikator ist ein Maß für den physischen Ressourcenverbrauch, der mit der jährlichen Produktionsleistung der österreichischen Volkswirtschaft einhergeht.",Ressourcenproduktivität,
SME_innovation_pct,Anteil der innovierenden kleineren und mittleren Unternehmen,Innovierende KMUs,Output,Eurostat CIS,"Der Indikator beschreibt den Anteil der KMU mit Innovationstätigkeit, d. h. ein Maß für die Innovationsbreite. (EIS Indikator 3.1.1.) (In %)",Innovierende KMUs,
Schüler_hohe_Komp,Schulleistungen - Anteil der SchülerInnen mit hoher Kompetenz,Schulleistungen - hohe Kompetenz,Output,"PISA, TIMMS, PIRLS","Mittelwert des Anteils der SchülerI nnen in TIMMS, PIRLS und PISA mit hohen Kompetenzen (In %)",Schulleistungen - hohe Kompetenz,
Schüler_niedrige_Komp,Schulleistungen - Anteil der SchülerInnen mit niedriger Kompetenz,Schulleistungen - niedrige Kompetenz,Output,"PISA, TIMMS, PIRLS","Mittelwert des Anteils der SchülerInnen in TIMMS, PIRLS und PISA mit niedrigen Kompetenzen (In %)",Schulleistungen - niedrige Kompetenz,
Science_unter2,Kompetenz Naturwissenschaften 15-jährige (PISA) - Anteil SchülerInnen mit niedriger Kompetenz,PISA Science - Niedrig,Output,PISA,"Anteil der SchülerInnen, die beim internationalen PISA-Test im Bereich Naturwissenschaften niedrige Kompetenzniveaus erreichen.",PISA Science - Niedrig,
Science_über5,Kompetenz Naturwissenschaften 15-jährige (PISA) - Anteil SchülerInnen mit hoher Kompetenz,PISA Science - Spitze,Output,PISA,"Anteil der SchülerInnen, die beim internationalen PISA-Test im Bereich Naturwissenschaften hohe Kompetenzniveaus erreichen.",PISA Science - Spitze,
Sekundar_hohe_Komp,Zusammengesetzter Indikator - Anteil SchülerInnen mit hoher Kompetenz,Schulleistungen Sekundarstufe - Spitze,Output,PISA,Durchschnitt aller Indikatoren in der Sekundarstufe zum Anteil von SchülerInnen mit hoher Kompetenz. (In %),Schulleistungen Sekundarstufe - Spitze,
Sekundar_niedrige_Komp,Zusammengesetzter Indikator - Anteil SchülerInnen mit niedriger Kompetenz,Schulleistungen Sekundarstufe - Niedrig,Output,PISA,Durchschnitt aller Indikatoren in der Sekundarstufe zum Anteil von SchülerInnen mit niedriger Kompetenz. (In %),Schulleistungen Sekundarstufe - Niedrig,
Solarkapazität,Anteil Solarkapazität an gesamter Stromerzeugung,Solarkapazität,Output,Eurostat (nrg_inf_epc),Anteil Solarkapazität an Anteil gesamter Stromerzeugung. (In %),Solarkapazität,
Steuer_Loehne,Gesamtbelastung der Lohnkosten (in % der Bruttoverdienste),Lohnabgaben,Input,OECD Taxation,Durchschnittliche Gesamtbelastung der Lohnkosten (in % der Bruttoverdienste),Lohnabgaben,
Steuer_UNT,Effektive Steuerbelastung von Unternehmen ,Unternehmensbesteuerung,Input,Europäische Kommission (2022),"Effektive durchschnittliche Steuersätze, Nicht-Finanzsektor, (in %)",Unternehmensbesteuerung,
TB_EIS,EIS Index,EIS Index,-,European Innovation Scoreboard,"Der Innovationsindex des EIS soll die Innovationsleistung der Mitgliedsländer der EU vergleichbar machen. Er setzt sich aus 27 ungewichteten Einzelindikatoren zusammen, die mehrere innovationsrelevante Bereiche betreffen (z. B. Humanressourcen, Forschungsausgaben, Patente, Strukturwandel).",EIS Index,1
TB_Eff_Inno,Zusammengesetzter Indikator,Effizienz Innovation,,-,Siehe https://www.wifo.ac.at/pubma-datensaetze?detail-view=yes&publikation_id=61111,Effizienz Innovation,1
TB_Eff_Tech,Zusammengesetzter Indikator,Effizienz Technologie,,-,Siehe https://www.wifo.ac.at/pubma-datensaetze?detail-view=yes&publikation_id=61111,Effizienz Technologie,1
TB_Eff_Wiss,Ergebnis der DEA-Effizienzanalyse - Wissenschaft,Effizienz Wissenschaft,,-,Siehe https://www.wifo.ac.at/pubma-datensaetze?detail-view=yes&publikation_id=61111,Effizienz Wissenschaft,1
TB_FTI,Zusammengesetzter Indikator,Inputs für FTI in Unternehmen,,,Durchschnitt aller Einzelindikatoren im Teilbereich Inputs für FTI in Unternehmen,Inputs für FTI in Unternehmen,1
TB_Fin_ges,Zusammengesetzter Indikator,Finanzierung gesamt,,,,Finanzierung gesamt,1
TB_Finanz,Zusammengesetzter Indikator,Finanzsystem,Input,,Durchschnitt aller Einzelindikatoren im Teilbereich Finanzsystem,Finanzsystem,1
TB_FuE_Klima,Zusammengesetzter Indikator,F&E Energie und Klima,Input,,Durchschnitt aller Einzelindikatoren im Teilbereich F&E Energie und Klima,F&E Energie und Klima,1
TB_GF,Zusammengesetzter Indikator,Finanzierung Hochschulen & GF,,,Durchschnitt aller Einzelindikatoren im Teilbereich Finanzierung Hochschulen & Grundlagenforschung,Finanzierung Hochschulen & GF,1
TB_Gesund,Zusammengesetzter Indikator,Gesundheit,,,Durchschnitt aller Einzelindikatoren im Teilbereich Gesundheit,Gesundheit,1
TB_IKT_Fkt,Zusammengesetzter Indikator,IKT Fachkräfte,Input,,Durchschnitt aller Einzelindikatoren im Teilbereich IKT Fachkräfte,IKT Fachkräfte,1
TB_IKT_erf,Zusammengesetzter Indikator,IKT Erfindungsperformance,,,Durchschnitt der beiden nachfolgenden Indikatoren,IKT Erfindungsperformance,1
TB_IKT_nutz,Zusammengesetzter Indikator,IKT Nutzung in Unternehmen,,,Durchschnitt aller Einzelindikatoren im Teilbereich IKT Nutzung in Unternehmen,IKT Nutzung in Unternehmen,1
TB_IKT_wirk,Zusammengesetzter Indikator,Ökonomische Wirkung von IKT,Output,,Durchschnitt aller Einzelindikatoren im Teilbereich Ökonomische Wirkung von IKT,Ökonomische Wirkung von IKT,1
TB_Immigr_Hochqual,Immigration von (hochqualifizierten) Fachkräften,Immigration Hochqualifizierte,Input,Eurostat (edat_lfs_9915),"Der Indikator spiegelt die Qualifikationsstruktur der Zuwanderung wider. Erfasst werden im Ausland geborene mit Aufenthaltserlaubnis und mindestens dreimonatiger Aufenthaltsdauer, Qualifikationskriterium ist ein Hochschulabschluss. (In %)",Immigration Hochqualifizierte,1
TB_Input,Zusammengesetzter Indikator - Inputs in Lehre,Ausgaben und Betreuung Hochschullehre,,,Zusammengesetzter Indikator aus den beiden nachfolgenden Einzelindikatoren,Ausgaben und Betreuung Hochschullehre,1
TB_Input_UNT,Zusammengesetzter Indikator - Inputs in Unternehmens-FTI,Inputs in Unternehmens-FTI (inkl. Kooperationen),Input,,Durchschnitt aller Inputindikatoren im Bereich bestehende Unternehmen,Inputs Unternehmens-FTI,1
TB_Input_forsch,Zusammengesetzter Indikator,Inputs,,,Durchschnitt aller Einzelindikatoren im Teilbereich Inputs,Inputs,1
TB_Inv_Infr,Zusammengesetzter Indikator,Investitionen & Infrastruktur,Input,,Durchschnitt aller Einzelindikatoren im Teilbereich Investitionen & Infrastruktur,Investitionen & Infrastruktur,1
TB_KMU,Zusammengesetzter Indikator,FTI in KMU,,,Durchschnitt aller Einzelindikatoren im Teilbereich FTI in KMU,FTI in KMU,1
TB_Koop,Zusammengesetzter Indikator,Kooperation Wissenschaft Wirtschaft,Input,,Durchschnitt aller Einzelindikatoren im Teilbereich Kooperation Wissenschaft Wirtschaft,Kooperation Wissenschaft Wirtschaft,1
TB_Output,Zusammengesetzter Indikator,AbsolventInnen,,,Durchschnitt aller Einzelindikatoren im Teilbereich AbsolventInnen,AbsolventInnen,1
TB_Output_UNT,Zusammengesetzter Indikator - Outputs aus Unternehmens-FTI,Outputs aus Unternehmens-FTI,Output,,Durchschnitt aller Outputindikatoren im Bereich bestehende Unternehmen,Outputs aus Unternehmens-FTI,1
TB_Output_forsch,Zusammengesetzter Indikator,Forschungsleistung,,,Durchschnitt aller Einzelindikatoren im Teilbereich Forschungsleistung,Forschungsleistung,1
TB_Primar,Zusammengesetzter Indikator,Primarstufe,,,Durchschnitt aller Einzelindikatoren im Teilbereich Primarstufe,Primarstufe,1
TB_Reg,Zusammengesetzter Indikator,Regulierung,Input,,Durchschnitt aller Einzelindikatoren im Teilbereich Regulierung,Regulierung,1
TB_Sekundar,Zusammengesetzter Indikator,Sekundarstufe,,,Durchschnitt aller Einzelindikatoren (ohne berufsbezogene AbsolventInnen) im Teilbereich Sekundarstufe,Sekundarstufe,1
TB_Steuer,Zusammengesetzter Indikator,Steuersystem,Input,,Durchschnitt aller Einzelindikatoren im Teilbereich Steuersystem,Steuersystem,1
TB_UF,Zusammengesetzter Indikator,Finanzierung Unternehmen,,,Durchschnitt aller Einzelindikatoren im Teilbereich Finanzierung Unternehmen,Finanzierung Unternehmen,1
TB_Umwelt,Zusammengesetzter Indikator,Umwelt Ergebnisindikatoren,,,Durchschnitt aller Einzelindikatoren im Teilbereich Umwelt Ergebnisindikatoren,Umwelt Ergebnisindikatoren,1
TB_Umwelt_Nutzung,Zusammengesetzter Indikator,Nutzung von Umweltinnovationen/instrumenten,,,Durchschnitt aller Einzelindikatoren im Teilbereich Nutzung von Umweltinnovationen/instrumenten,Nutzung von Umweltinnovationen/instrumenten,1
TB_Umwelt_Wirkung,Zusammengesetzter Indikator,Wirkung von Umweltinnovationen/instrumenten,,,Durchschnitt aller Einzelindikatoren im Teilbereich Wirkung von Umweltinnovationen/instrumenten,Wirkung von Umweltinnovationen/instrumenten,1
TB_Vfl_Inno,Zusammengesetzter Indikator,Verflechtung Innovation,,,Durchschnitt aller Einzelindikatoren im Teilbereich Verflechtung Innovation,Verflechtung Innovation,1
TB_Vfl_Uni,Zusammengesetzter Indikator,Verflechtung Hochschulen,,,Durchschnitt aller Einzelindikatoren im Teilbereich Verflechtung Hochschulen,Verflechtung Hochschulen,1
TB_Vfl_Wirt,Zusammengesetzter Indikator,Verflechtung Wirtschaft,,,Durchschnitt aller Einzelindikatoren im Teilbereich Verflechtung Wirtschaft,Verflechtung Wirtschaft,1
TB_WS,Zusammengesetzter Indikator,Wirtschaft & Soziales,,,Durchschnitt aller Einzelindikatoren im Teilbereich Wirtschaft & Soziales,Wirtschaft & Soziales,1
TB_Weiterbildung,Beteiligung an Weiterbildung,Weiterbildung & Lebenslanges Lernen,Input,Eurostat (trng_lfse_01),Die Teilnahme am lebenslangen Lernen ist ein offizielles Ziel der
ET-2020-Strategie (allgemeines und berufliches Lernen). (In %),Weiterbildung & Lebenslanges Lernen,1
TB_egovernment,Öffentliche Verwaltung - E-Government,E-Government,Input,DESI,"Der Indikator besteht aus den Subindikatoren der DESI-Dimension Digitale öffentliche Dienstleistungen 4a1 e-Government users, 4a2 Pre-filled forms, 4a3 Digital public services for citizens, 4a4 Digital public services for businesses",E-Government,1
TB_frühkind,Zusammengesetzter Indikator,Frühkindliche Betreuung,Input,,Durchschnitt aller Einzelindikatoren im Teilbereich Frühkindliche Betreuung,Frühkindliche Betreuung,1
TB_gend_Beruf,Zusammengesetzter Indikator,Differenzen im Beruf,,,Durchschnitt aller Einzelindikatoren im Teilbereich Differenzen im Beruf,Differenzen im Beruf,1
TB_gend_HS,Zusammengesetzter Indikator,Schule & Hochschule - Gender,,,Durchschnitt aller Einzelindikatoren im Teilbereich Schule & Hochschule - Gender,Schule & Hochschule - Gender,1
TB_inno_ce,Zusammengesetzter Indikator,Innovation Kreislaufwirtschaft,,,Durchschnitt aller Einzelindikatoren im Teilbereich Innovation Kreislaufwirtschaft,Innovation Kreislaufwirtschaft,1
TB_patent,Zusammengesetzter Indikator,Erfindungsperformance Unternehmen,,,Durchschnitt aller Einzelindikatoren im Teilbereich Erfindungsperformance Unternehmen,Erfindungsperformance Unternehmen,1
TB_souv_ah,Zusammengesetzter Indikator,Souveränität - Handel,,,Durchschnitt aller Einzelindikatoren im Teilbereich Souveränität - Handel,Souveränität - Handel,1
TB_souv_pat,Zusammengesetzter Indikator,Souveränität - Patente,,,Durchschnitt aller Einzelindikatoren im Teilbereich Souveränität - Patente,Souveränität - Patente,1
TB_stand_ce,Zusammengesetzter Indikator,Wirkung / Umsetzungsstand Kreislaufwirtschaft,,,Durchschnitt aller Einzelindikatoren im Teilbereich Wirkung / Umsetzungsstand,Wirkung/Umsetzungsstand Kreislaufwirtschaft,1
TB_struktur,Zusammengesetzter Indikator,Innovationswirkung - Strukturwandel,,,Durchschnitt aller Einzelindikatoren im Teilbereich Innovationswirkung - Strukturwandel,Innovationswirkung - Strukturwandel,1
TB_upgrade,Zusammengesetzter Indikator,Innovationswirkung - Upgrading,,,Durchschnitt der beiden nachfolgenden Indikatoren,Innovationswirkung - Upgrading,1
TB_ökon_ce,Zusammengesetzter Indikator,Ökonomische Wirkung Kreislaufwirtschaft,,,Durchschnitt aller Einzelindikatoren im Teilbereich Ökonomische Wirkung Kreislaufwirtschaft,Ökonomische Wirkung Kreislaufwirtschaft,1
TIMMS_av_science_mathe,Kompetenz Mathematik und Naturwissenschaften Volksschule (TIMSS) - Durchschnitt,Math & Science VS - Durchschnitt,Output,TIMMS,Durchschnitt der Testergebnisse der SchülerInnen beim internationalen TIMSS-Test.,Math & Science VS - Durchschnitt,
TIMMS_av_science_mathe_adv,Kompetenz Mathematik und Naturwissenschaften Volksschule (TIMSS) - Anteil SchülerInnen mit  sehr hoher/hoher Kompetenz,Math & Science VS - Spitze,Output,TIMMS,"Anteil der SchülerInnen, die beim internationalen TIMSS-Test sehr hohe oder hohe Kompetenzniveaus erreichen. (In %)",Math & Science VS - Spitze,
TIMMS_av_science_mathe_interm,Kompetenz Mathematik und Naturwissenschaften Volksschule (TIMSS) - Anteil SchülerInnen mit  mittlerer Kompetenz,Math & Science VS - Mittel,Output,TIMMS,"Anteil der SchülerInnen, die beim internationalen TIMSS-Test mittlere Kompetenzniveaus erreichen. (In %)",Math & Science VS - Mittel,
TIMMS_av_science_mathe_low,Kompetenz Mathematik und Naturwissenschaften Volksschule (TIMSS) - Anteil SchülerInnen mit  niedriger Kompetenz,Math & Science VS - Niedrig,Output,TIMMS,"Anteil der SchülerInnen, die beim internationalen TIMSS-Test niedrige Kompetenzniveaus erreichen. (In %)",Math & Science VS - Niedrig,
Treibhausgase,Treibhausgasemissionen,Treibhausgase,Output,Eurostat (sdg_13_10),"Dieser Indikator bildet eines der österreichischen Europa-2020-Ziele ab und den Umstand, dass eine effektive Eindämmung des Klimawandels nur durch eine absolute Reduktion der Treibhausgase zustande kommt. Das Ziel beinhaltet hier eine Reduktion und nicht eine Steigerung. Er zeigt den Trend der anthropogenen Treibhausgasemissionen (von den ESD und ETS Sektoren) laut Kyoto-Protokoll. Die jährlichen Gesamtemissionen werden im Vergleich zu den Emissionen im Jahr 1990 dargestellt. Im Kyoto-Protokoll werden die folgenden Treibhausgase erfasst: Kohlendioxid (CO2), Methan (CH4), Distickstoffoxid (N2O) und die sogenannten F-Gase (Fluorkohlenwasserstoffe, Perfluorkohlenwasserstoffe, Stickstofftriflourid (NF3) und Schwefelhexafluorid (SF6). Diese Treibhausgase werden anhand ihres jeweiligen Treibhauspotenzials (Global Warming Potential - GWP) gewichtet und zu einer Einheit aggregiert. Diese aggregierten Treibhausgasemissionen werden als Einheiten in CO2-Äquivalenten ausgedrückt. Der Indikator gibt keinerlei Aufschluss über die Emissionen und deren Senkung im Zusammenhang mit Flächennutzung, geänderter Flächennutzung und Forstwirtschaft (Land Use, Land-Use Change and Forestry - LULUCF), ebenso wenig wie über Emissionen des internationalen Seeverkehrs. Die Emissionen des internationalen Luftverkehrs sind jedoch mit einbegriffen.",Treibhausgase,
UNT_förderung,Unternehmensförderung (in % des BIP),Unternehmensförderung,Input,OECD R&D Tax Incentive Indicators,Direkte und indirekte Unternehmensförderung (in % des BIP),Unternehmensförderung,
Umweltpatente,Patente in Energie und Klima,Erfindungen Klima,Output,"PATSTAT, Herbst 2022; OECD 2015, WIFO-Berechnungen.",Der Indikator zeigt die relative Erfindungsspezialisierung anhand eines RTA Indikators (ähnlich zum RCA im Außenhandel - Relative Technological Advantage vs. Relative Comparative Advantage),Erfindungen Klima,
Uniabs_isced5_8,HochschulabsolventInnen ISCED 5-8,HochschulabsolventInnen ISCED 5-8,Output,"OECD Education at a Glance, Eurostat (edat_lfse_03)","Dies ist ein österreichischer Europa-2020-Kernindikator und spiegelt die erfolgreiche Beteiligung an tertiärer Bildung wider. Durch die Umstellung der ISCED Klassifikation werden nunmehr auch die beiden letzten Jahrgänge von BHS zum tertiären Sektor gezählt (ISCED 5, früher ISCED 4a). (Anteil der 25- bis 34-jährigen Hochschulabsolventen (ISCED 5-8)  in %  an der Alterskohorte 25–34 der Bevölkerung)",HochschulabsolventInnen ISCED 5-8,
Uniabs_isced6_8,HochschulabsolventInnen ISCED 6-8,HochschulabsolventInnen ISCED 6-8,Output,OECD Education at a Glance,"Dieser Indikator verwendet eine engere Definition für Hochschulabsolventen, im Wesentlichen ab Bachelorniveau (ISCED 6). (Anteil der 30- bis 34-jährigen Hochschulabsolventen (ISCED 6-8)  in %  an der Alterskohorte 30–34 der Bevölkerung)",HochschulabsolventInnen ISCED 6-8,
Uniausgaben_Studi,Hochschulausgaben pro Studierenden,Hochschulausgaben,Input,OECD Education at a Glance,"Die Hochschulausgaben (ISCED 6-8) pro Studierenden ergänzen die BIP-Quote, indem sie unterschiedliche Größen des tertiären Sektors in unterschiedlichen Ländern berücksichtigen. Ein tertiärer Sektor mit einer 50-%-Absolventenquote wird ceteris paribus wesentlich mehr Mittel erfordern als ein Sektor mit einer 25-%-Absolventenquote.",Hochschulausgaben,
VC,VC-Investitionen,Risikokapitalintensität,Input,Invest Europe,Dieser Indikator misst die Risikokapitalintensität anhand der insgesamt durch in- und ausländische Fonds in Österreich investierten Summen in Relation zum BIP (Marktstatistik). (Glättung),Risikokapitalintensität,
VS_hohe_Komp,Zusammengesetzter Indikator - Anteil SchülerInnen mit hoher Kompetenz,Volksschule - Spitze,Output,"PIRLS, TIMMS",Mittelwert PIRLS/TIMMS von SchülerInnen mit hoher/sehr hoher Kompetenz (In %),Volksschule - Spitze,
VS_niedrige_Komp,Zusammengesetzter Indikator - Anteil SchülerInnen mit niedriger Kompetenz,Volksschule - Niedrig,Output,"PIRLS, TIMMS",Mittelwert PIRLS/TIMMS von SchülerInnen mit hoher/sehr hoher Kompetenz (In %),Volksschule - Niedrig,
anteil_meanep_I2_at13_spz,Anteil der Patentanmeldungen zu Produktionstechnologien in %,Anteil Patente - Produktionstechnologien,Output,"Patstat, Herbst 2022, WIFO-Berechnungen",Anteil der einschlägigen Patente eines Landes an allen Patentanmeldungen zum Thema Produktionstechnologien (Durchschnitt der letzten 5 Jahre sowie über EPA- und PCT-Anmeldungen),Anteil Patente - Produktionstechnologien,
anteil_meanep_I2_at14_spz,Anteil der Patentanmeldungen zu Materialtechnologien in %,Anteil Patente - Materialtechnologien,Output,"Patstat, Herbst 2022, WIFO-Berechnungen",Anteil der einschlägigen Patente eines Landes an allen Patentanmeldungen zum Thema Materialtechnologien (Durchschnitt der letzten 5 Jahre sowie über EPA- und PCT-Anmeldungen),Anteil Patente - Materialtechnologien,
anteil_meanep_I2_at15_spz,Anteil der Patentanmeldungen zu Industrieller Biotechnologie in %,Anteil Patente - Industrielle Biotechnologie,Output,"Patstat, Herbst 2022, WIFO-Berechnungen",Anteil der einschlägigen Patente eines Landes an allen Patentanmeldungen zum Thema industrielle Biotechnologie (Durchschnitt der letzten 5 Jahre sowie über EPA- und PCT-Anmeldungen),Anteil Patente - Industrielle Biotechnologie,
anteil_meanep_I2_at16_spz,Anteil der Patentanmeldungen zu Digitaler Technologie in %,Anteil Patente - Digitale Technologie,Output,"Patstat, Herbst 2022, WIFO-Berechnungen",Anteil der einschlägigen Patente eines Landes an allen Patentanmeldungen zum Thema Digitale Technologien (Durchschnitt der letzten 5 Jahre sowie über EPA- und PCT-Anmeldungen),Anteil Patente - Digitale Technologie,
ausl_Doktor,Internationale Doktoratsstudierende,Internationale Doktoratsstudierende,Output,Eurostat (educ_uoe_mobs03),Anteil der ausländischen Doktoratsstudierenden  an allen
Doktoratsstudierenden (analog zu EIS Indikator 1.2.3.) (In %),Internationale Doktoratsstudierende,
ausl_Patente_Inlandsbesitz,Inländische Eigentümer bei ausländischen Erfindungen,Ausländische Patente in Inlandsbesitz,Output,"PATSTAT, Herbst 2022, WIFO-Berechnungen.",Anteil der Patente mit mind. einem inländischen Erfinder und mind. einem inländischen Anmelder an allen Patenten mit mind. einem inländischen Anmelder. (In %),Ausländische Patente in Inlandsbesitz,
bewilligung,Beteiligung Hochschulen EU Forschungsprogramm,Beteiligung von Hochschulen an EU-Forschungsprojekten,Output,FFG EU-PM,"Die Anzahl bewilligter Beteiligungen österreichischer Hochschulen am europäischen Forschungsprogramm, relativ zur Bevölkerungsgröße.",Beteiligung an EU-Forschungsprojekten (HS),
citabledocuments_bev,Zahl der zitierfähigen Publikationen ,Zahl der Publikationen pro 1.000 Einwohner,Output,"Scimago, Weltbank, WIFO-Berechnungen","Anzahl der Publikationen, die in bibliometrischen Datenbanken (Scimago) enthalten sind. (Pro 1.000 der Bevölkerung)",Zahl der Publikationen pro 1.000 Einwohner,
comb_IThigh_med_high,Anteil innovationsintensiver Sektoren an der Wertschöpfung,Innovationsintensive Branchen,Output,"OECD, Eurostat, WIFO-Berechnungen.",Der Indikator misst das Gewicht innovationsintensiver Sektoren an der gesamten Wertschöpfung eines Landes. (In %),Innovationsintensive Branchen,
digital_skills,IKT Basiskompetenzen,IKT Basiskompetenzen,Input,Eurostat (isoc_sk_dskl_i),"Personen mit ""grundlegenden"" oder ""mehr als grundlegenden"" digitalen Fertigkeiten in jeder der folgenden vier Dimensionen: Information, Kommunikation, Problemlösung und Software für die Erstellung von Inhalten (gemessen an der Anzahl der in den letzten 3 Monaten durchgeführten Aktivitäten). (In %)",IKT Basiskompetenzen,
domestic_VA_final_demand,Anteil heimischer Wertschöpfung induziert durch ausländische Nachfrage,GVC Integration (Wertschöpfung),Output,OECD TiVA 2021,"Ein Maß für die Integration in globale Wertschöpfungsketten - Anteil der inländischen Wertschöpfung, der in der ausländischen Endnachfrage abgebildet ist. (In %)",GVC Integration (Wertschöpfung),
empShareIctTypeComb_High,Beschäftigungsanteil von Branchen mit hoher IKT-Intensität,IKT Beschäftigung,Output,"Eurostat SBS, WIFO-Berechnungen","Beschäftigungsanteile IKT-intensiver Branchen (User,exkl. IKT-Sachgüter und Dienstleister,in %)",IKT Beschäftigung,
emp_ce,Beschäftigte in % der Beschäftigten insgesamt,Beschäftigte in % der Beschäftigten insgesamt,Output,Eurostat (cei_cie010),Beschäftigte in kreislaufwirtschaftsrelevanten Unternehmen in Prozent der Beschäftigten insgesamt,Beschäftigte (Anteil in %),
emp_wiss,Anteil wissensintensive Sektoren an Beschäftigung,Beschäftigung in wissensintensiven Sektoren,Output,Eurostat (htec_kia_emp2),"Der Indikator zeigt das Beschäftigungsgewicht von Sektoren, die im internationalen Vergleich besonders viele Hochschulabsolventen beschäftigen und daher als besonders wissensintensiv eingeschätzt werden. (EIS-Indikator 4.1.1) (In %)",Beschäftigung in wissensintensiven Sektoren,
employment_innovativesec_pct,Beschäftigung in schnell wachsenden Unternehmen in innovationsintensiven Sektoren,Gazellen,Output,Eurostat (bd_9pm_r2),"Der Indikator zeigt die Dynamik schnell wachsender Unternehmen in wissensintensiven Sektoren. Allerdings ist nicht bekannt, ob die betreffenden Unternehmen ihr Wachstum tatsächlich aufgrund v on Innovationsaktivitäten erzielen. (EIS Indikator 4.1.2)",Gazellen,
entrepreneur,"Verhältnis Personen, die unternehmerisch handeln aus Eigenantrieb vs. Personen, die mangels Alternativen unternehmerisch handeln",Motivation für unternehmerisches Handeln,Input,European Innovation Scoreboard,"Dieser Index wird berechnet als Verhältnis zwischen dem Anteil der Personen an der verbesserungsgetriebenen Unternehmertum und der Anteil der Personen, die an notwendigkeitsbedingten
Unternehmertum. (EIS Indikator 1.3.2)",Motivation für unternehmerisches Handeln,
erfolgsquote_hs,Erfolgsquote Hochschulen bei Horizon Europe,Erfolgsquote Hochschule Horizon Europe,Output,FFG EU PM,Die Erfolgsquote (bewilligte vs eingereichte Anträge) von Hochschulen im EU Forschungsprogramm.,Erfolgsquote Hochschule Horizon Europe,
erfolgsquote_unt,Erfolgsquote von Unternehmen bei Horizon Europe,Erfolgsquote Unternehmen Horizon Europe,Input,FFG EU PM,Die Erfolgsquote (bewilligte vs eingereichte Anträge) von Unternehmen im EU Forschungsprogramm.,Erfolgsquote Unternehmen Horizon Europe,
export_CEshare,Anteil kreislaufwirtschaftsrelevanter Exporte an Gesamtexporten,Kreislaufwirtschaftsrelevante Exporte in % des BIP,Output,"BACI/Comtrade, WIFO-Berechnungen","Anteil kreislaufwirtschaftsrelevanter Exporte an Gesamtexporten (siehe Meyer, I., Peneder, M., Reinstaller A., Transformation zur Kreislaufwirtschaft. Leistungsfähigkeit, industrie- und FTI-politische Förderung, WIFO, 2022)",Kreislaufwirtschaftsrelevante Exporte in % des BIP,
export_quality_pct,Anteil von Exporten mit mittelhoher bis hoher Technologieintensität am Gesamtexport,Exportqualität,Output,"Eurostat Comext, WIFO-Berechnungen",Der Indikator misst den Anteil von Produkten mittelhoher und hoher Technologieintensität am Gesamtexport und kann daher auch als Maß für die Wissensintensität der Exportstruktur gesehen werden. ,Exportqualität,
frühe_Schulabgänger,Quote der  SchulabbrecherInnen,Frühe Schulabgänger,Output,Eurostat (edat_lfse_14),"„Frühzeitige Schul- und Ausbildungsabgänger“ sind Personen im Alter von 18 bis 24 Jahren, die die folgenden Bedingungen erfüllen: Der höchste erreichte Grad der allgemeinen oder beruflichen Bildung entspricht ISCED 0, 1, 2 oder 3c – kurz: das ist die untere Sekundarstufe –, und die Befragten dürfen in den vier Wochen vor der Erhebung an keiner Maßnahme der allgemeinen oder beruflichen Bildung teilgenommen haben. (In %)",Frühe Schulabgänger,
gee,"Qualität der öffentlichen Leistungsbereitstellung, Infrastruktur",Qualität öffentlicher Leistungen,Input,Worldwide Governance Indicators,"Die Qualität öffentlicher Leistungen ist ein wesentlicher Bestandteil von Governance Effectiveness lt. Weltbank.
Darunter fallen das gute Funktionieren öffentlicher Dienstleistungen wie z.B. Schulen oder Spitäler, die Qualität der öffentlichen Verwaltung sowie der Grad ihrer Unabhängigkeit von politischem Druck.",Qualität öffentlicher Leistungen,
gender_diff_Lesen,Kompetenz Lesen 15-jährige (PISA) -  Leistungsdifferenz nach Geschlecht,PISA Geschlechterdifferenz Lesen,Output,PISA,Differenz zwischen den Durchschnitten der Testergebnisse von Schülern und Schülerinnen beim internationalen PISA-Test im Bereich Lesen.,PISA Geschlechterdifferenz Lesen,
gender_diff_mathe,Kompetenz Mathematik 15-jährige (PISA) - Leistungsdifferenz nach Geschlecht,PISA Geschlechterdifferenz Mathematik,Output,PISA,Differenz zwischen den Durchschnitten der Testergebnisse von Schülern und Schülerinnen beim internationalen PISA-Test im Bereich Mathematik.,PISA Geschlechterdifferenz Mathematik,
grad_rate,Anteil SchülerInnen in berufsbezogenen Ausbildungswegen an allen SchülerInnen,Abschlussquote oberer Sekundarbereich,Output,OECD Education at a Glance,Indikator für Grad der Berufsbildungsbezogenheit eines Bildungssystems - mögliche Trade-offs frühe Berufsspezialisierung & niedrige Jugendarbeitslosigkeit mit tertiär & breiter gebildeten Fachkräften & hohe Erwerbsbeteiligung im Alter. (In %),Abschlussquote oberer Sekundarbereich,
gross_inv,Bruttoinvestitionen in % des BIP,Bruttoinvestitionen in % des BIP,Output,Eurostat (cei_cie010),Bruttoinvestitionen in kreislaufwirtschaftsrelevante Sachanlagen in Prozent des BIP,Bruttoinvestitionen in % des BIP,
gross_va,Bruttowertschöpfung in % des BIP,Bruttowertschöpfung in % des BIP,Output,Eurostat (cei_cie010),Bruttowertschöpfung von kreislaufwirtschaftsrelevanten Betrieben zu Faktorkosten in Prozent des BIP,Bruttowertschöpfung in % des BIP,
imports_share_at13_spz,Anteil der Importe des größten Lieferlandes - Produktionstechologien,Größter Importanteil - Produktionstechnologien,Output,"BACI/Comtrade, WIFO-Berechnungen",Anteil der Importe des größten Lieferlandes an den Gesamtimporten von Produktionstechnologien eines Landes in Prozent,Größter Importanteil - Produktionstechnologien,
imports_share_at14_spz,Anteil der Importe des größten Lieferlandes - Materialtechnologien,Größter Importanteil - Materialtechnologien,Output,"BACI/Comtrade, WIFO-Berechnungen",Anteil der Importe des größten Lieferlandes an den Gesamtimporten von Materialtechnologien eines Landes in Prozent,Größter Importanteil - Materialtechnologien,
imports_share_at15_spz,Anteil der Importe des größten Lieferlandes - Industrielle Biotechnologie,Größter Importanteil - Industrielle Biotechnologie,Output,"BACI/Comtrade, WIFO-Berechnungen",Anteil der Importe des größten Lieferlandes an den Gesamtimporten von Industrieller Biotechnologie eines Landes in Prozent,Größter Importanteil - Industrielle Biotechnologie,
imports_share_at16_spz,Anteil der Importe des größten Lieferlandes - Digitale Technologie,Größter Importanteil - Digitale Technologie,Output,"BACI/Comtrade, WIFO-Berechnungen",Anteil der Importe des größten Lieferlandes an den Gesamtimporten von Digitalen Technologien eines Landes in Prozent,Größter Importanteil - Digitale Technologie,
industry_researchers_FTE_bev,ForscherInnen in VZÄ im Unternehmenssektor,Zahl der UnternehmensforscherInnen,Input,OECD MSTI,Anzahl der ForscherInnen in Vollzeitäquivalenten (VZÄ) im Unternehmenssektor (pro 1.000 der Bevölkerung),Zahl der UnternehmensforscherInnen,
meanep_I2_bev_at13_spz,Patentanmeldungen je Millionen Einwohner zu Produktionstechnologien,Patente je Mio. Einwohner - Produktionstechnologien,Output,"Patstat, Herbst 2022, WIFO-Berechnungen",EPA/PCT-Patentanmeldungen je Million Einwohner zu Produktionstechnologien (Durchschnitt der letzten 5 Jahre),Patente je Mio. EW - Produktionstechnologien,
meanep_I2_bev_at14_spz,Patentanmeldungen je Millionen Einwohner  zu Materialtechnologien,Patente je Mio. Einwohner - Materialtechnologien,Output,"Patstat, Herbst 2022, WIFO-Berechnungen",EPA/PCT-Patentanmeldungen je Million Einwohner  zu Materialtechnologien (Durchschnitt der letzten 5 Jahre),Patente je Mio. EW - Materialtechnologien,
meanep_I2_bev_at15_spz,Patentanmeldungen je Millionen Einwohner zu Industrieller Biotechnologien,Patente je Mio. Einwohner - Industrielle Biotechnologie,Output,"Patstat, Herbst 2022, WIFO-Berechnungen",EPA/PCT-Patentanmeldungen je Million Einwohner zu Industrieller Biotechnologien (Durchschnitt der letzten 5 Jahre),Patente je Mio. EW - Industrielle Biotechnologie,
meanep_I2_bev_at16_spz,Patentanmeldungen je Millionen Einwohner zu Digitaler Technologie,Patente je Mio. Einwohner - Digitale Technologie,Output,"Patstat, Herbst 2022, WIFO-Berechnungen",EPA/PCT-Patentanmeldungen je Million Einwohner zu Digitaler Technologie (Durchschnitt der letzten 5 Jahre),Patente je Mio. EW - Digitale Technologie,
migrant_diff_Lesen,Kompetenz Lesen 15-jährige (PISA) - Leistungsdifferenz nach Herkunft,PISA Leistungsdifferenz Herkunft,Output,PISA,Differenz zwischen den Durchschnitten der Testergebnisse von SchülerInnen mit und ohne Migrationshintergrund beim internationalen PISA-Test im Bereich Lesen.,PISA Leistungsdifferenz Herkunft,
pagerank,„Super-Patente“ – bahnbrechende Erfindungen,Super-Patente,Output,"PATSTAT, Herbst 2022, Weltbank, WIFO-Berechnungen.","Anzahl technologisch besonders bedeutsamer Patente, siehe Reinstaller, A., Reschenhofer, P., Der Beitrag österreichischer Erfindungen zur Entwicklung von Schlüsseltechnologien. Ergebnisse auf der Grundlage eines neuen Patentanzeigers, WIFO, 2019.",Super-Patente,
patentanmeldungen_bev,Patentanmeldungen am EPA nach Wohnsitz der ErfinderInnen,Patentanmeldungen,Output,"PATSTAT, Herbst 2022, Weltbank, WIFO-Berechnungen.",Patentanmeldungen am Europäischen Patentamt nach Wohnsitz der ErfinderInnen (pro 1.000 der Bevölkerung),Patentanmeldungen,
pr_Core,Pagerank (Kreislaufwirtschaft),Pagerank (Kreislaufwirtschaft),Output,"Patstat, Herbst 2022, WIFO-Berechnungen","Anzahl technologisch besonders bedeutsamer kreislaufwirtschaftsrelevanter Patente , siehe Reinstaller, A., Reschenhofer, P., Der Beitrag österreichischer Erfindungen zur Entwicklung von Schlüsseltechnologien. Ergebnisse auf der Grundlage eines neuen Patentanzeigers, WIFO, 2019.",Pagerank (Kreislaufwirtschaft),
pr_Enabling,Pagerank (unterstützende Grundlagentechnologien),Pagerank (unterstützende Grundlagentechnologien),Output,"Patstat, Herbst 2022, WIFO-Berechnungen","Anzahl technologisch besonders bedeutsamer  Patente in kreislaufwirtschaftsunterstützenden Grundlagentechnologien, siehe Reinstaller, A., Reschenhofer, P., Der Beitrag österreichischer Erfindungen zur Entwicklung von Schlüsseltechnologien. Ergebnisse auf der Grundlage eines neuen Patentanzeigers, WIFO, 2019.",Pagerank (Grundlagentechnologien),
private_FuE,Privater Anteil an F&E-Finanzierung,Privater Anteil an F&E-Finanzierung,Input,OECD MSTI,Anteil GERD finanziert durch den Unternehmenssektor (In %),Privater Anteil an F&E-Finanzierung,
publications_10pct,Anzahl der Publikationen unter den meistzitierten 10 % weltweit,Qualität der Publikationen,Output,European Innovation Scoreboard,"Der Indikator ist ein Maß für die Effizienz des Forschungssystem, highly cited publications werden als qualitativ höherwertig angenommen. (EIS Indikator 1.2.2.) (In %)",Qualität der Publikationen,
pve,Politische Stabilität,Politische Stabilität,Input,Worldwide Governance Indicators,Politische Stabilität und Gewaltfreiheit,Politische Stabilität,
recyl,Recyclingrate,Recyclingrate,Output,Eurostat (cei_wm010),Recyclingrate für alle Abfälle ohne dominante mineralische Abfälle,Recyclingrate,
res_fem_bus,Forscherinnen (Sektor Unternehmen),Forscherinnen in Unternehmen,Input,OECD MSTI,Dieser Indikator misst den Prozentsatz der Frauen am wissenschaftlichen Forschungspersonal in privaten Unternehmen. (In %),Forscherinnen in Unternehmen,
res_fem_govhes,Forscherinnen (Sektor Staat und Hochschule),Forscherinnen außerhalb Unternehmen,Input,OECD MSTI,Dieser Indikator misst den Prozentsatz der Frauen am wissenschaftlichen Forschungspersonal im Regierungs- und Hochschulbereich. (In %),Forscherinnen außerhalb Unternehmen,
researchers_FTE_bev,ForscherInnen in VZÄ in allen Sektoren (pro 1.000 der Bevölkerung),Zahl der ForscherInnen,Input,"OECD MSTI, Eurostat (rd_p_persocc), WIFO-Berechnungen.",Indikatoren stammen alle aus den jeweiligen Bereichen - Erklärung siehe dort,Zahl der ForscherInnen,
rle,"Rechtsstaatlichkeit, unabhängige Gerichte",Rechtsstaatlichkeit,Input,Worldwide Governance Indicators,"Rechtsstaatlichkeit, Qualität von Verwaltungsbehörden und rechtsstaatlicher Prinzipien",Rechtsstaatlichkeit,
robot_ind_ser,Nutzung von Industrie- und Servicerobotern in Unternehmen,Industrie- und Serviceroboter,Input,Eurostat - Community survey on ICT usage and eCommerce in Enterprises (E_RBT),"Anteil der Unternehmen, der Industrie- oder Serviceroboter verwendet (in % der Unternehmen)",Industrie- und Serviceroboter,
rqe,"Intensität der regulatorischen Eingriffe, Preiskontrollen, Investititionskontrollen etc.",Regulierungsqualität,Input,Worldwide Governance Indicators,Qualität der Regulierung und Intensität regulatorischer Eingriffe,Regulierungsqualität,
sophistication,Komplexitätsscore der exportierten Produkte,Exportkomplexität,Output,"BACI, WIFO-Berechnungen.","Dabei handelt es sich um einen sogenannten Produktraumindikator (vgl. Hausmann - Hidalgo, 2011; Hidalgo - Hausmann, 2009; Caldarelli et al., 2012), der den technologischen Entwicklungsgrad einer Produktlinie auf der Grundlage der Komplexität der
zugrundeliegenden Wissensbestände misst. Da diese Komplexität nicht direkt beobachtbar ist, wird diese Information durch eine Netzwerkanalyse ermittelt. Das zugrunde liegende
Netzwerk verbindet Produktlinien mit Ländern und extrahiert durch ein spezifisches Verfahren aufgrund der Einzigartigkeit der Produktlinien sowie der Diversifizierungsprofile der
Länder, die diese Produktlinien exportieren, diese Information.",Exportkomplexität,
triadischepatente_bev,"Patentanmeldungen an EPA, JPO und USPTO nach Wohnsitz der ErfinderInnen",Triadische Patentanmeldungen,Output,"PATSTAT, Herbst 2022, Weltbank, WIFO-Berechnungen.","Patentanmeldungen an den Patentämtern der Europäischen Union (EPA), Japans (JPO) und der USA (USPTO) nach Wohnsitz der ErfinderInnen (pro 1.000 der Bevölkerung)",Triadische Patentanmeldungen,
vaShareIctTypeComb_High,Wertschöpfungsanteil von Branchen mit hoher IKT-Intensität,IKT Wertschöpfung,Output,"Eurostat SBS, WIFO-Berechnungen","Wertschöpfungsanteile IKT-intensiver Branchen (User,exkl. IKT-Sachgüter und Dienstleister,in %)",IKT Wertschöpfung,
vaShareIctTypeComb_Producer,Wertschöpfungsanteil von IKT-Produktionsbranchen,Wertschöpfungsanteil von IKT-Produktionsbranchen,Output,"Eurostat SBS, WIFO-Berechnungen","Wertschöpfungsanteil der IKT-Sachgütererzeugung und IKT-Dienstleister(Producer, in %)",Wertschöpfungsanteil IKT-Produktionsbranchen,
vocational_graduates,Anteil an Personen mit erwartetem Abschluss im oberen Sekundarbereich über die Lebenszeit,Anteil berufsbezogene Absolventen,Output,Eurostat (educ_uoe_grad01),"Der Indikator gibt den geschätzten, prozentuellen Anteil an Personen wieder, die in ihrem Leben einen Abschluss im oberen Sekundarbereich erreichen. ",Anteil berufsbezogene Absolventen,
wissens_DL,Anteil innovationsintensive Sektoren am Dienstleistungsexport,Innovationsintensiver Dienstleistungsexport,Output,"Eurostat Comext, ITC, WIFO-Berechnungen","Der Indikator zeigt das Exportgewicht von Dienstleistungssektoren mit hoher Innovationsintensität und kann daher auch als Maß für die Wissensintensität der Exportstruktur gesehen werden. Aufgrund der spezifischen Gegebenheiten Österreichs (Alpen, Kulturstädte) erzielt Österreich einen im internationalen Vergleich weit überdurchschnittlichen Tourismusanteil am Dienstleistungsexport,
dieser wird daher nicht berücksichtigt. (In %)",Innovationsintensiver Dienstleistungsexport,
wissensintensitaet_export,Anteil der Exporte im Hochpreissegment an allen Exporten,Wissensintensität Export,Output,"Eurostat Comext, UN COMTRADE.","Die Exportqualität kann als Maß für die Verbesserung der Produktstruktur interpretiert werden: die Stückpreise im Export eng definierter Produktkategorien werden in drei Segmente eingeteilt, dieser Indikator misst den Anteil des höchstpreisigen Segments an Exporten einer Produktkategorie. (In %)",Wissensintensität Export,
zit_fam_tc_ceCore_rta,RTA kreislaufwirtschaftsrelevanter Patentanmeldungen mit inländischen ErfinderInnen,RTA kreislaufwirtschaftsrelevanter Patentanmeldungen mit inländischen ErfinderInnen,Output,"Patstat, Herbst 2022, WIFO-Berechnungen",Der Indikator zeigt die relative Erfindungsspezialisierung anhand eines RTA Indikators (ähnlich zum RCA im Außenhandel - Relative Technological Advantage vs. Relative Comparative Advantage).,RTA kreislaufwirtschaftsrelevante Patente,
zit_fam_tc_ceEnabling_rta,RTA Patentanmeldungen für unterstützende Grundlagentechnologien mit inländischen ErfinderInnen,RTA Patentanmeldungen für unterstützende Grundlagentechnologien mit inländischen ErfinderInnen,Output,"Patstat, Herbst 2022, WIFO-Berechnungen",Der Indikator zeigt die relative Erfindungsspezialisierung anhand eines RTA Indikators (ähnlich zum RCA im Außenhandel - Relative Technological Advantage vs. Relative Comparative Advantage).,RTA für unterstützende Patente,
öff_Finanz_HS_BIP,Öffentliche Finanzierung von HERD im internationalen Vergleich (in % des BIP),"Öffentliche Finanzierung HERD, in % des BIP",Input,Eurostat (rd_e_gerdfund),Öffentliche Finanzierung von F&E-Ausgaben im Hochschulsektor (HERD) im internationalen Vergleich (in % des BIP),"Öffentliche Finanzierung HERD, in % des BIP",
öff_Finanz_HS_HERD,"Öffentliche Finanzierung von HERD im internationalen Vergleich, in % von HERD",Anteil öffentliche Finanzierung an HERD,Input,Eurostat (rd_e_gerdfund),"Öffentliche Finanzierung von F&E-Ausgaben im Hochschulsektor im internationalen Vergleich, in % der gesamten F&E-Ausgaben des Hochschulsektors.",Anteil öffentliche Finanzierung an HERD,
öffentliche_Finanz_FuE,Öffentliche Finanzierung von FTI im internationalen Vergleich,Öffentliche Finanzierung F&E,Input,OECD MSTI,Anteil GERD finanziert von öffentlichen Stellen (In % des BIP),Öffentliche Finanzierung F&E,
